{
  "Total" : {
    "transaction" : "Total",
    "sampleCount" : 100000,
    "errorCount" : 8643,
    "errorPct" : 8.643,
    "meanResTime" : 1126.8935299999964,
    "medianResTime" : 46.0,
    "minResTime" : 0.0,
    "maxResTime" : 70349.0,
    "pct1ResTime" : 91.0,
    "pct2ResTime" : 117.0,
    "pct3ResTime" : 290.9800000000032,
    "throughput" : 658.5663011623694,
    "receivedKBytesPerSec" : 167.12815185715698,
    "sentKBytesPerSec" : 75.85229026721328
  },
  "HTTP Request" : {
    "transaction" : "HTTP Request",
    "sampleCount" : 100000,
    "errorCount" : 8643,
    "errorPct" : 8.643,
    "meanResTime" : 1126.8935299999964,
    "medianResTime" : 46.0,
    "minResTime" : 0.0,
    "maxResTime" : 70349.0,
    "pct1ResTime" : 91.0,
    "pct2ResTime" : 117.0,
    "pct3ResTime" : 290.9800000000032,
    "throughput" : 658.5663011623694,
    "receivedKBytesPerSec" : 167.12815185715698,
    "sentKBytesPerSec" : 75.85229026721328
  }
}